{
  "collapse-filter": false,
  "search": "",
  "showTags": false,
  "showAttachments": false,
  "hideUnresolved": false,
  "showOrphans": true,
  "collapse-color-groups": false,
  "colorGroups": [
    {
      "query": "tag:#call ",
      "color": {
        "a": 1,
        "rgb": 6011080
      }
    },
    {
      "query": "tag:#daily-note",
      "color": {
        "a": 1,
        "rgb": 16579836
      }
    },
    {
      "query": "tag:#site",
      "color": {
        "a": 1,
        "rgb": 11657298
      }
    },
    {
      "query": "tag:#person  ",
      "color": {
        "a": 1,
        "rgb": 5431378
      }
    },
    {
      "query": "tag:#vendor  ",
      "color": {
        "a": 1,
        "rgb": 5431473
      }
    },
    {
      "query": "tag:#call  ",
      "color": {
        "a": 1,
        "rgb": 5419488
      }
    },
    {
      "query": "tag:#project  ",
      "color": {
        "a": 1,
        "rgb": 5395168
      }
    },
    {
      "query": "tag:#training  ",
      "color": {
        "a": 1,
        "rgb": 11621088
      }
    },
    {
      "query": "tag:#isp  ",
      "color": {
        "a": 1,
        "rgb": 14701233
      }
    },
    {
      "query": "tag:#circuit  ",
      "color": {
        "a": 1,
        "rgb": 14701138
      }
    },
    {
      "query": "tag:#brand-of-baymark",
      "color": {
        "a": 1,
        "rgb": 16768256
      }
    }
  ],
  "collapse-display": true,
  "showArrow": false,
  "textFadeMultiplier": 0,
  "nodeSizeMultiplier": 1,
  "lineSizeMultiplier": 1,
  "collapse-forces": false,
  "centerStrength": 0.518713248970312,
  "repelStrength": 10,
  "linkStrength": 1,
  "linkDistance": 250,
  "scale": 0.15712925677380302,
  "close": false
}