{
  "editor:open-search": [],
  "editor:insert-wikilink": [
    {
      "modifiers": [
        "Mod",
        "Shift"
      ],
      "key": "L"
    }
  ],
  "editor:toggle-bold": [],
  "editor:delete-paragraph": [],
  "app:go-back": [
    {
      "modifiers": [
        "Mod",
        "Alt"
      ],
      "key": "ArrowLeft"
    },
    {
      "modifiers": [
        "Alt",
        "Mod"
      ],
      "key": "H"
    }
  ],
  "app:go-forward": [
    {
      "modifiers": [
        "Mod",
        "Alt"
      ],
      "key": "ArrowRight"
    },
    {
      "modifiers": [
        "Alt",
        "Mod"
      ],
      "key": "L"
    }
  ],
  "daily-notes:goto-prev": [
    {
      "modifiers": [
        "Alt",
        "Mod"
      ],
      "key": "Y"
    }
  ],
  "daily-notes:goto-next": [
    {
      "modifiers": [
        "Alt",
        "Mod"
      ],
      "key": "T"
    }
  ],
  "global-search:open": [
    {
      "modifiers": [
        "Alt",
        "Mod"
      ],
      "key": "F"
    }
  ],
  "editor:open-search-replace": [],
  "app:toggle-left-sidebar": [
    {
      "modifiers": [
        "Alt"
      ],
      "key": "H"
    }
  ],
  "app:toggle-right-sidebar": [
    {
      "modifiers": [
        "Alt"
      ],
      "key": "L"
    }
  ],
  "daily-notes": [
    {
      "modifiers": [
        "Alt",
        "Mod"
      ],
      "key": "D"
    }
  ],
  "file-explorer:open": [
    {
      "modifiers": [
        "Alt",
        "Mod"
      ],
      "key": "E"
    }
  ]
}