{
  "main": {
    "id": "847d4acd0c5f6170",
    "type": "split",
    "children": [
      {
        "id": "8f819168ede303d6",
        "type": "tabs",
        "children": [
          {
            "id": "777caad019945e87",
            "type": "leaf",
            "state": {
              "type": "markdown",
              "state": {
                "file": "Daily Notes/2026-02-03.md",
                "mode": "source",
                "source": false
              },
              "icon": "lucide-file",
              "title": "2026-02-03"
            }
          },
          {
            "id": "f32bafd8fd0da206",
            "type": "leaf",
            "state": {
              "type": "markdown",
              "state": {
                "file": "Reference/MS Graph/MS Graph SharePoint.md",
                "mode": "source",
                "source": false
              },
              "icon": "lucide-file",
              "title": "MS Graph SharePoint"
            }
          }
        ]
      }
    ],
    "direction": "vertical"
  },
  "left": {
    "id": "24c933f5e7948ba3",
    "type": "split",
    "children": [
      {
        "id": "244c49ff84677445",
        "type": "tabs",
        "children": [
          {
            "id": "b21f90f0faaa8cc4",
            "type": "leaf",
            "state": {
              "type": "file-explorer",
              "state": {
                "sortOrder": "alphabetical",
                "autoReveal": false
              },
              "icon": "lucide-folder-closed",
              "title": "Files"
            }
          },
          {
            "id": "95a3b6459b75c338",
            "type": "leaf",
            "state": {
              "type": "search",
              "state": {
                "query": "",
                "matchingCase": false,
                "explainSearch": false,
                "collapseAll": false,
                "extraContext": false,
                "sortOrder": "alphabetical"
              },
              "icon": "lucide-search",
              "title": "Search"
            }
          },
          {
            "id": "2a2f19cfdfad3c38",
            "type": "leaf",
            "state": {
              "type": "bookmarks",
              "state": {},
              "icon": "lucide-bookmark",
              "title": "Bookmarks"
            }
          }
        ]
      }
    ],
    "direction": "horizontal",
    "width": 391.5110321044922
  },
  "right": {
    "id": "8a2950878d1a1c5e",
    "type": "split",
    "children": [
      {
        "id": "193a0e4149b0512e",
        "type": "tabs",
        "children": [
          {
            "id": "76f79a5deadf1cd1",
            "type": "leaf",
            "state": {
              "type": "backlink",
              "state": {
                "file": "Daily Notes/2025-08-15.md",
                "collapseAll": false,
                "extraContext": false,
                "sortOrder": "alphabetical",
                "showSearch": false,
                "searchQuery": "",
                "backlinkCollapsed": false,
                "unlinkedCollapsed": true
              },
              "icon": "links-coming-in",
              "title": "Backlinks for 2025-08-15"
            }
          },
          {
            "id": "63edbcfe2559db4e",
            "type": "leaf",
            "state": {
              "type": "outgoing-link",
              "state": {
                "file": "Daily Notes/2025-10-20.md",
                "linksCollapsed": false,
                "unlinkedCollapsed": true
              },
              "icon": "links-going-out",
              "title": "Outgoing links from 2025-10-20"
            }
          },
          {
            "id": "b94c871ef05d9cf3",
            "type": "leaf",
            "state": {
              "type": "tag",
              "state": {
                "sortOrder": "frequency",
                "useHierarchy": true,
                "showSearch": false,
                "searchQuery": ""
              },
              "icon": "lucide-tags",
              "title": "Tags"
            }
          },
          {
            "id": "71cefa0f78bfa1c1",
            "type": "leaf",
            "state": {
              "type": "outline",
              "state": {
                "file": "Daily Notes/2025-08-08.md",
                "followCursor": false,
                "showSearch": false,
                "searchQuery": ""
              },
              "icon": "lucide-list",
              "title": "Outline of 2025-08-08"
            }
          },
          {
            "id": "318548e3bc89add4",
            "type": "leaf",
            "state": {
              "type": "todo",
              "state": {},
              "icon": "checkmark",
              "title": "Todo List"
            }
          }
        ],
        "currentTab": 4
      }
    ],
    "direction": "horizontal",
    "width": 378.5,
    "collapsed": true
  },
  "left-ribbon": {
    "hiddenItems": {
      "bases:Create new base": false,
      "switcher:Open quick switcher": false,
      "graph:Open graph view": false,
      "canvas:Create new canvas": false,
      "daily-notes:Open today's daily note": false,
      "templates:Insert template": false,
      "command-palette:Open command palette": false,
      "templater-obsidian:Templater": false
    }
  },
  "active": "777caad019945e87",
  "lastOpenFiles": [
    "Reference/HP MFPs.md",
    "Daily Notes/2026-02-03.md",
    "Reference/Printers.csv Blob.md",
    "Reference/Python Build and Install Local Package.md",
    "Granite Recovery/Derry Security Cameras.md",
    "Daily Notes/2026-01-27.md",
    "Daily Notes/2026-01-28.md",
    "Reference/Windows Local User Management from CMD.md",
    "Reference/Azure App Registration for SharePoint Access.md",
    "Reference/MS Graph/MS Graph SharePoint.md",
    "Reference/SharePoint Grant App Registration Sites.Selected Permissions.md",
    "Reference/MS Graph",
    "Daily Notes/2026-01-26.md",
    "Reference/Zoom/User Access To Forward Main Number.md",
    "Daily Notes/2026-01-23.md",
    "Daily Notes/2026-01-22.md",
    "Reference/Excel File Macros Not Working.md",
    "Sites/Effingham.md",
    "Templates/Zoom Site Phone Setup Instructions.md",
    "Granite Recovery/Effingham Voice.md",
    "Granite Recovery/Setronics.md",
    "Daily Notes/2026-01-21.md",
    "Daily Notes/2026-01-16.md",
    "Reference/Flex/images/Pasted image 20260115113924.png",
    "Daily Notes/2026-01-13.md",
    "Sites/Derry.md",
    "Granite Recovery/Derry 37 Network.md",
    "Granite Recovery/Derry 35 Network.md",
    "Reference/SAMMS Overages Underages/Calibrate_Scilog.pdf",
    "Reference/Flex/images",
    "Reference/Flex/images/image-it-user-permissions-in-flex-portal.png",
    "Reference/Flex/images/image-tcd-user-permissions-in-flex-portal.png",
    "Reference/Flex",
    "Reference/SAMMS Overages Underages/Calibrate_SciLog.pdf",
    "Reference/SAMMS Overages Underages",
    "Training/AZ-104",
    "Bases Test/People.base",
    "Untitled.base",
    "Untitled 1.base",
    "Reference/Zoom/Images/Pasted image 20250930123825.png",
    "Reference/Zoom/Images/Pasted image 20250930123852.png",
    "Reference/Zoom/Images/Pasted image 20250930123848.png",
    "Reference/Zoom/Images/Pasted image 20250930123840.png",
    "Reference/Zoom/Images/Pasted image 20250930123831.png",
    "Reference/Liberty Bay Camera PC/Liberty Bay Camera - Spot Monitor - Camera Layout 2.png",
    "Reference/Liberty Bay Camera PC/Liberty Bay Camera - Spot Monitor - Credentials.png",
    "Untitled.canvas"
  ]
}